{"cameraMode":{"drawMode":0,"name":"Shaded","section":"Shading Mode"},"sceneLighting":false,"audioPlay":false,"sceneViewState":{"m_AlwaysRefresh":false,"showFog":true,"showSkybox":false,"showFlares":true,"showImageEffects":true,"showParticleSystems":true,"showVisualEffectGraphs":true,"m_FxEnabled":true},"in2DMode":false,"pivot":{"x":-3.9897050857543947,"y":1.5022740364074708,"z":3.005155563354492},"rotation":{"x":-0.15388335287570954,"y":0.007712426129728556,"z":-0.0011952846543863416,"w":-0.9880723357200623},"size":7.51320743560791,"orthographic":false}